{
  "train": {
    "mae": 7155.47090473934,
    "mse": 135786991.2866709,
    "rmse": 11652.767537656919,
    "r2": 0.9811623953156794
  },
  "test": {
    "mae": 7767.988619101578,
    "mse": 162563116.4044613,
    "rmse": 12750.024172701058,
    "r2": 0.977588851955616
  },
  "sklearn_version": "1.7.1",
  "tensorflow_version": "2.18.0",
  "rows": 28242,
  "train_rows": 22593,
  "test_rows": 5649,
  "target": "hg/ha_yield"
}